<?xml version="1.0" encoding="UTF-8"?>
<project-private xmlns="http://www.netbeans.org/ns/project-private/1">
    <editor-bookmarks xmlns="http://www.netbeans.org/ns/editor-bookmarks/1"/>
    <editor-bookmarks xmlns="http://www.netbeans.org/ns/editor-bookmarks/2" lastBookmarkId="0"/>
    <open-files xmlns="http://www.netbeans.org/ns/projectui-open-files/1">
        <file>file:/C:/Users/sony/Desktop/AplicacionAula/src/aplicacionaula/AplicacionAula.java</file>
        <file>file:/C:/Users/sony/Desktop/AplicacionAula/src/aplicacionaula/Persona.java</file>
        <file>file:/C:/Users/sony/Desktop/AplicacionAula/src/aplicacionaula/Profesor.java</file>
        <file>file:/C:/Users/sony/Desktop/AplicacionAula/src/aplicacionaula/Alumno.java</file>
    </open-files>
</project-private>
